path,exists
/home/thkim0/github/AIFFEL_quest_rs/MainQuest/Quest02/outputs/trackA_retrain_oof_top100_20260702_091917/trackA_retrain_config.json,True
/home/thkim0/github/AIFFEL_quest_rs/MainQuest/Quest02/outputs/trackA_retrain_oof_top100_20260702_091917/tables/oof_validation_summary.csv,True
/home/thkim0/github/AIFFEL_quest_rs/MainQuest/Quest02/outputs/trackA_retrain_oof_top100_20260702_091917/tables/oof_checkpoint_audit.csv,True
/home/thkim0/github/AIFFEL_quest_rs/MainQuest/Quest02/outputs/trackA_retrain_oof_top100_20260702_091917/tables/oof_vs_v2_compare.csv,True
/home/thkim0/github/AIFFEL_quest_rs/MainQuest/Quest02/outputs/trackA_retrain_oof_top100_20260702_091917/tables/topk_baseline_split_label_distribution.csv,True
/home/thkim0/github/AIFFEL_quest_rs/MainQuest/Quest02/outputs/trackA_retrain_oof_top100_20260702_091917/tables/removed_mislabel_top100.csv,True
/home/thkim0/github/AIFFEL_quest_rs/MainQuest/Quest02/outputs/trackA_retrain_oof_top100_20260702_091917/visualizations/oof_mislabel_top100_grid.png,True
/home/thkim0/github/AIFFEL_quest_rs/MainQuest/Quest02/outputs/trackA_retrain_oof_top100_20260702_091917/tables/class_balance_before_after.csv,True
/home/thkim0/github/AIFFEL_quest_rs/MainQuest/Quest02/outputs/trackA_retrain_oof_top100_20260702_091917/tables/sample_weight_stats.csv,True
/home/thkim0/github/AIFFEL_quest_rs/MainQuest/Quest02/outputs/trackA_retrain_oof_top100_20260702_091917/tables/val_metrics_by_subset.csv,True
/home/thkim0/github/AIFFEL_quest_rs/MainQuest/Quest02/outputs/trackA_retrain_oof_top100_20260702_091917/tables/submission_diff_summary.csv,True
