id,mislabel_score,dup_score,ood_score
train_00000,0.0,0.0,0.0
train_00001,0.0,0.0,0.0
train_00002,0.0,0.0,0.0
train_00003,0.0,0.0,0.0
train_00004,0.0,0.0,0.0
train_00005,0.0,0.0,0.0
train_00006,0.0,0.0,0.0
train_00007,0.0,0.0,0.0
train_00008,0.0,0.0,0.0
train_00009,0.0,0.0,0.0
train_00010,0.0,0.0,0.0
train_00011,0.0,0.0,0.0
train_00012,0.0,0.0,0.0
train_00013,0.0,0.0,0.0
train_00014,0.0,0.0,0.0
train_00015,0.0,0.0,0.0
train_00016,0.0,0.0,0.0
train_00017,0.0,0.0,0.0
train_00018,0.0,0.0,0.0
train_00019,0.0,0.0,0.0
train_00020,0.0,0.0,0.0
train_00021,0.0,0.0,0.0
train_00022,0.0,0.0,0.0
train_00023,0.0,0.0,0.0
train_00024,0.0,0.0,0.0
train_00025,0.0,0.0,0.0
train_00026,0.0,0.0,0.0
train_00027,0.0,0.0,0.0
train_00028,0.0,0.0,0.0
train_00029,0.0,0.0,0.0
train_00030,0.0,0.0,0.0
train_00031,0.0,0.0,0.0
train_00032,0.0,0.0,0.0
train_00033,0.0,0.0,0.0
train_00034,0.0,0.0,0.0
train_00035,0.0,0.0,0.0
train_00036,0.0,0.0,0.0
train_00037,0.0,0.0,0.0
train_00038,0.0,0.0,0.0
train_00039,0.0,0.0,0.0
train_00040,0.0,0.0,0.0
train_00041,0.0,0.0,0.0
train_00042,0.0,0.0,0.0
train_00043,0.0,0.0,0.0
train_00044,0.0,0.0,0.0
train_00045,0.0,0.0,0.0
train_00046,0.0,0.0,0.0
train_00047,0.0,0.0,0.0
train_00048,0.0,0.0,0.0
train_00049,0.0,0.0,0.0
train_00050,0.0,0.0,0.0
train_00051,0.0,0.0,0.0
train_00052,0.0,0.0,0.0
train_00053,0.0,0.0,0.0
train_00054,0.0,0.0,0.0
train_00055,0.0,0.0,0.0
train_00056,0.0,0.0,0.0
train_00057,0.0,0.0,0.0
train_00058,0.0,0.0,0.0
train_00059,0.0,0.0,0.0
train_00060,0.0,0.0,0.0
train_00061,0.0,0.0,0.0
train_00062,0.0,0.0,0.0
train_00063,0.0,0.0,0.0
train_00064,0.0,0.0,0.0
train_00065,0.0,0.0,0.0
train_00066,0.0,0.0,0.0
train_00067,0.0,0.0,0.0
train_00068,0.0,0.0,0.0
train_00069,0.0,0.0,0.0
train_00070,0.0,0.0,0.0
train_00071,0.0,0.0,0.0
train_00072,0.0,0.0,0.0
train_00073,0.0,0.0,0.0
train_00074,0.0,0.0,0.0
train_00075,0.0,0.0,0.0
train_00076,0.0,0.0,0.0
train_00077,0.0,0.0,0.0
train_00078,0.0,0.0,0.0
train_00079,0.0,0.0,0.0
train_00080,0.0,0.0,0.0
train_00081,0.0,0.0,0.0
train_00082,0.0,0.0,0.0
train_00083,0.0,0.0,0.0
train_00084,0.0,0.0,0.0
train_00085,0.0,0.0,0.0
train_00086,0.0,0.0,0.0
train_00087,0.0,0.0,0.0
train_00088,0.0,0.0,0.0
train_00089,0.0,0.0,0.0
train_00090,0.0,0.0,0.0
train_00091,0.0,0.0,0.0
train_00092,0.0,0.0,0.0
train_00093,0.0,0.0,0.0
train_00094,0.0,0.0,0.0
train_00095,0.0,0.0,0.0
train_00096,0.0,0.0,0.0
train_00097,0.0,0.0,0.0
train_00098,0.0,0.0,0.0
train_00099,0.0,0.0,0.0
train_00100,0.0,0.0,0.0
train_00101,0.0,0.0,0.0
train_00102,0.0,0.0,0.0
train_00103,0.0,0.0,0.0
train_00104,0.0,0.0,0.0
train_00105,0.0,0.0,0.0
train_00106,0.0,0.0,0.0
train_00107,0.0,0.0,0.0
train_00108,0.0,0.0,0.0
train_00109,0.0,0.0,0.0
train_00110,0.0,0.0,0.0
train_00111,0.0,0.0,0.0
train_00112,0.0,0.0,0.0
train_00113,0.0,0.0,0.0
train_00114,0.0,0.0,0.0
train_00115,0.0,0.0,0.0
train_00116,0.0,0.0,0.0
train_00117,0.0,0.0,0.0
train_00118,0.0,0.0,0.0
train_00119,0.0,0.0,0.0
train_00120,0.0,0.0,0.0
train_00121,0.0,0.0,0.0
train_00122,0.0,0.0,0.0
train_00123,0.0,0.0,0.0
train_00124,0.0,0.0,0.0
train_00125,0.0,0.0,0.0
train_00126,0.0,0.0,0.0
train_00127,0.0,0.0,0.0
train_00128,0.0,0.0,0.0
train_00129,0.0,0.0,0.0
train_00130,0.0,0.0,0.0
train_00131,0.0,0.0,0.0
train_00132,0.0,0.0,0.0
train_00133,0.0,0.0,0.0
train_00134,0.0,0.0,0.0
train_00135,0.0,0.0,0.0
train_00136,0.0,0.0,0.0
train_00137,0.0,0.0,0.0
train_00138,0.0,0.0,0.0
train_00139,0.0,0.0,0.0
train_00140,0.0,0.0,0.0
train_00141,0.0,0.0,0.0
train_00142,0.0,0.0,0.0
train_00143,0.0,0.0,0.0
train_00144,0.0,0.0,0.0
train_00145,0.0,0.0,0.0
train_00146,0.0,0.0,0.0
train_00147,0.0,0.0,0.0
train_00148,0.0,0.0,0.0
train_00149,0.0,0.0,0.0
train_00150,0.0,0.0,0.0
train_00151,0.0,0.0,0.0
train_00152,0.0,0.0,0.0
train_00153,0.0,0.0,0.0
train_00154,0.0,0.0,0.0
train_00155,0.0,0.0,0.0
train_00156,0.0,0.0,0.0
train_00157,0.0,0.0,0.0
train_00158,0.0,0.0,0.0
train_00159,0.0,0.0,0.0
train_00160,0.0,0.0,0.0
train_00161,0.0,0.0,0.0
train_00162,0.0,0.0,0.0
train_00163,0.0,0.0,0.0
train_00164,0.0,0.0,0.0
train_00165,0.0,0.0,0.0
train_00166,0.0,0.0,0.0
train_00167,0.0,0.0,0.0
train_00168,0.0,0.0,0.0
train_00169,0.0,0.0,0.0
train_00170,0.0,0.0,0.0
train_00171,0.0,0.0,0.0
train_00172,0.0,0.0,0.0
train_00173,0.0,0.0,0.0
train_00174,0.0,0.0,0.0
train_00175,0.0,0.0,0.0
train_00176,0.0,0.0,0.0
train_00177,0.0,0.0,0.0
train_00178,0.0,0.0,0.0
train_00179,0.0,0.0,0.0
train_00180,0.0,0.0,0.0
train_00181,0.0,0.0,0.0
train_00182,0.0,0.0,0.0
train_00183,0.0,0.0,0.0
train_00184,0.0,0.0,0.0
train_00185,0.0,0.0,0.0
train_00186,0.0,0.0,0.0
train_00187,0.0,0.0,0.0
train_00188,0.0,0.0,0.0
train_00189,0.0,0.0,0.0
train_00190,0.0,0.0,0.0
train_00191,0.0,0.0,0.0
train_00192,0.0,0.0,0.0
train_00193,0.0,0.0,0.0
train_00194,0.0,0.0,0.0
train_00195,0.0,0.0,0.0
train_00196,0.0,0.0,0.0
train_00197,0.0,0.0,0.0
train_00198,0.0,0.0,0.0
train_00199,0.0,0.0,0.0
train_00200,0.0,0.0,0.0
train_00201,0.0,0.0,0.0
train_00202,0.0,0.0,0.0
train_00203,0.0,0.0,0.0
train_00204,0.0,0.0,0.0
train_00205,0.0,0.0,0.0
train_00206,0.0,0.0,0.0
train_00207,0.0,0.0,0.0
train_00208,0.0,0.0,0.0
train_00209,0.0,0.0,0.0
train_00210,0.0,0.0,0.0
train_00211,0.0,0.0,0.0
train_00212,0.0,0.0,0.0
train_00213,0.0,0.0,0.0
train_00214,0.0,0.0,0.0
train_00215,0.0,0.0,0.0
train_00216,0.0,0.0,0.0
train_00217,0.0,0.0,0.0
train_00218,0.0,0.0,0.0
train_00219,0.0,0.0,0.0
train_00220,0.0,0.0,0.0
train_00221,0.0,0.0,0.0
train_00222,0.0,0.0,0.0
train_00223,0.0,0.0,0.0
train_00224,0.0,0.0,0.0
train_00225,0.0,0.0,0.0
train_00226,0.0,0.0,0.0
train_00227,0.0,0.0,0.0
train_00228,0.0,0.0,0.0
train_00229,0.0,0.0,0.0
train_00230,0.0,0.0,0.0
train_00231,0.0,0.0,0.0
train_00232,0.0,0.0,0.0
train_00233,0.0,0.0,0.0
train_00234,0.0,0.0,0.0
train_00235,0.0,0.0,0.0
train_00236,0.0,0.0,0.0
train_00237,0.0,0.0,0.0
train_00238,0.0,0.0,0.0
train_00239,0.0,0.0,0.0
train_00240,0.0,0.0,0.0
train_00241,0.0,0.0,0.0
train_00242,0.0,0.0,0.0
train_00243,0.0,0.0,0.0
train_00244,0.0,0.0,0.0
train_00245,0.0,0.0,0.0
train_00246,0.0,0.0,0.0
train_00247,0.0,0.0,0.0
train_00248,0.0,0.0,0.0
train_00249,0.0,0.0,0.0
train_00250,0.0,0.0,0.0
train_00251,0.0,0.0,0.0
train_00252,0.0,0.0,0.0
train_00253,0.0,0.0,0.0
train_00254,0.0,0.0,0.0
train_00255,0.0,0.0,0.0
train_00256,0.0,0.0,0.0
train_00257,0.0,0.0,0.0
train_00258,0.0,0.0,0.0
train_00259,0.0,0.0,0.0
train_00260,0.0,0.0,0.0
train_00261,0.0,0.0,0.0
train_00262,0.0,0.0,0.0
train_00263,0.0,0.0,0.0
train_00264,0.0,0.0,0.0
train_00265,0.0,0.0,0.0
train_00266,0.0,0.0,0.0
train_00267,0.0,0.0,0.0
train_00268,0.0,0.0,0.0
train_00269,0.0,0.0,0.0
train_00270,0.0,0.0,0.0
train_00271,0.0,0.0,0.0
train_00272,0.0,0.0,0.0
train_00273,0.0,0.0,0.0
train_00274,0.0,0.0,0.0
train_00275,0.0,0.0,0.0
train_00276,0.0,0.0,0.0
train_00277,0.0,0.0,0.0
train_00278,0.0,0.0,0.0
train_00279,0.0,0.0,0.0
train_00280,0.0,0.0,0.0
train_00281,0.0,0.0,0.0
train_00282,0.0,0.0,0.0
train_00283,0.0,0.0,0.0
train_00284,0.0,0.0,0.0
train_00285,0.0,0.0,0.0
train_00286,0.0,0.0,0.0
train_00287,0.0,0.0,0.0
train_00288,0.0,0.0,0.0
train_00289,0.0,0.0,0.0
train_00290,0.0,0.0,0.0
train_00291,0.0,0.0,0.0
train_00292,0.0,0.0,0.0
train_00293,0.0,0.0,0.0
train_00294,0.0,0.0,0.0
train_00295,0.0,0.0,0.0
train_00296,0.0,0.0,0.0
train_00297,0.0,0.0,0.0
train_00298,0.0,0.0,0.0
train_00299,0.0,0.0,0.0
train_00300,0.0,0.0,0.0
train_00301,0.0,0.0,0.0
train_00302,0.0,0.0,0.0
train_00303,0.0,0.0,0.0
train_00304,0.0,0.0,0.0
train_00305,0.0,0.0,0.0
train_00306,0.0,0.0,0.0
train_00307,0.0,0.0,0.0
train_00308,0.0,0.0,0.0
train_00309,0.0,0.0,0.0
train_00310,0.0,0.0,0.0
train_00311,0.0,0.0,0.0
train_00312,0.0,0.0,0.0
train_00313,0.0,0.0,0.0
train_00314,0.0,0.0,0.0
train_00315,0.0,0.0,0.0
train_00316,0.0,0.0,0.0
train_00317,0.0,0.0,0.0
train_00318,0.0,0.0,0.0
train_00319,0.0,0.0,0.0
train_00320,0.0,0.0,0.0
train_00321,0.0,0.0,0.0
train_00322,0.0,0.0,0.0
train_00323,0.0,0.0,0.0
train_00324,0.0,0.0,0.0
train_00325,0.0,0.0,0.0
train_00326,0.0,0.0,0.0
train_00327,0.0,0.0,0.0
train_00328,0.0,0.0,0.0
train_00329,0.0,0.0,0.0
train_00330,0.0,0.0,0.0
train_00331,0.0,0.0,0.0
train_00332,0.0,0.0,0.0
train_00333,0.0,0.0,0.0
train_00334,0.0,0.0,0.0
train_00335,0.0,0.0,0.0
train_00336,0.0,0.0,0.0
train_00337,0.0,0.0,0.0
train_00338,0.0,0.0,0.0
train_00339,0.0,0.0,0.0
train_00340,0.0,0.0,0.0
train_00341,0.0,0.0,0.0
train_00342,0.0,0.0,0.0
train_00343,0.0,0.0,0.0
train_00344,0.0,0.0,0.0
train_00345,0.0,0.0,0.0
train_00346,0.0,0.0,0.0
train_00347,0.0,0.0,0.0
train_00348,0.0,0.0,0.0
train_00349,0.0,0.0,0.0
train_00350,0.0,0.0,0.0
train_00351,0.0,0.0,0.0
train_00352,0.0,0.0,0.0
train_00353,0.0,0.0,0.0
train_00354,0.0,0.0,0.0
train_00355,0.0,0.0,0.0
train_00356,0.0,0.0,0.0
train_00357,0.0,0.0,0.0
train_00358,0.0,0.0,0.0
train_00359,0.0,0.0,0.0
train_00360,0.0,0.0,0.0
train_00361,0.0,0.0,0.0
train_00362,0.0,0.0,0.0
train_00363,0.0,0.0,0.0
train_00364,0.0,0.0,0.0
train_00365,0.0,0.0,0.0
train_00366,0.0,0.0,0.0
train_00367,0.0,0.0,0.0
train_00368,0.0,0.0,0.0
train_00369,0.0,0.0,0.0
train_00370,0.0,0.0,0.0
train_00371,0.0,0.0,0.0
train_00372,0.0,0.0,0.0
train_00373,0.0,0.0,0.0
train_00374,0.0,0.0,0.0
train_00375,0.0,0.0,0.0
train_00376,0.0,0.0,0.0
train_00377,0.0,0.0,0.0
train_00378,0.0,0.0,0.0
train_00379,0.0,0.0,0.0
train_00380,0.0,0.0,0.0
train_00381,0.0,0.0,0.0
train_00382,0.0,0.0,0.0
train_00383,0.0,0.0,0.0
train_00384,0.0,0.0,0.0
train_00385,0.0,0.0,0.0
train_00386,0.0,0.0,0.0
train_00387,0.0,0.0,0.0
train_00388,0.0,0.0,0.0
train_00389,0.0,0.0,0.0
train_00390,0.0,0.0,0.0
train_00391,0.0,0.0,0.0
train_00392,0.0,0.0,0.0
train_00393,0.0,0.0,0.0
train_00394,0.0,0.0,0.0
train_00395,0.0,0.0,0.0
train_00396,0.0,0.0,0.0
train_00397,0.0,0.0,0.0
train_00398,0.0,0.0,0.0
train_00399,0.0,0.0,0.0
train_00400,0.0,0.0,0.0
train_00401,0.0,0.0,0.0
train_00402,0.0,0.0,0.0
train_00403,0.0,0.0,0.0
train_00404,0.0,0.0,0.0
train_00405,0.0,0.0,0.0
train_00406,0.0,0.0,0.0
train_00407,0.0,0.0,0.0
train_00408,0.0,0.0,0.0
train_00409,0.0,0.0,0.0
train_00410,0.0,0.0,0.0
train_00411,0.0,0.0,0.0
train_00412,0.0,0.0,0.0
train_00413,0.0,0.0,0.0
train_00414,0.0,0.0,0.0
train_00415,0.0,0.0,0.0
train_00416,0.0,0.0,0.0
train_00417,0.0,0.0,0.0
train_00418,0.0,0.0,0.0
train_00419,0.0,0.0,0.0
train_00420,0.0,0.0,0.0
train_00421,0.0,0.0,0.0
train_00422,0.0,0.0,0.0
train_00423,0.0,0.0,0.0
train_00424,0.0,0.0,0.0
train_00425,0.0,0.0,0.0
train_00426,0.0,0.0,0.0
train_00427,0.0,0.0,0.0
train_00428,0.0,0.0,0.0
train_00429,0.0,0.0,0.0
train_00430,0.0,0.0,0.0
train_00431,0.0,0.0,0.0
train_00432,0.0,0.0,0.0
train_00433,0.0,0.0,0.0
train_00434,0.0,0.0,0.0
train_00435,0.0,0.0,0.0
train_00436,0.0,0.0,0.0
train_00437,0.0,0.0,0.0
train_00438,0.0,0.0,0.0
train_00439,0.0,0.0,0.0
train_00440,0.0,0.0,0.0
train_00441,0.0,0.0,0.0
train_00442,0.0,0.0,0.0
train_00443,0.0,0.0,0.0
train_00444,0.0,0.0,0.0
train_00445,0.0,0.0,0.0
train_00446,0.0,0.0,0.0
train_00447,0.0,0.0,0.0
train_00448,0.0,0.0,0.0
train_00449,0.0,0.0,0.0
train_00450,0.0,0.0,0.0
train_00451,0.0,0.0,0.0
train_00452,0.0,0.0,0.0
train_00453,0.0,0.0,0.0
train_00454,0.0,0.0,0.0
train_00455,0.0,0.0,0.0
train_00456,0.0,0.0,0.0
train_00457,0.0,0.0,0.0
train_00458,0.0,0.0,0.0
train_00459,0.0,0.0,0.0
train_00460,0.0,0.0,0.0
train_00461,0.0,0.0,0.0
train_00462,0.0,0.0,0.0
train_00463,0.0,0.0,0.0
train_00464,0.0,0.0,0.0
train_00465,0.0,0.0,0.0
train_00466,0.0,0.0,0.0
train_00467,0.0,0.0,0.0
train_00468,0.0,0.0,0.0
train_00469,0.0,0.0,0.0
train_00470,0.0,0.0,0.0
train_00471,0.0,0.0,0.0
train_00472,0.0,0.0,0.0
train_00473,0.0,0.0,0.0
train_00474,0.0,0.0,0.0
train_00475,0.0,0.0,0.0
train_00476,0.0,0.0,0.0
train_00477,0.0,0.0,0.0
train_00478,0.0,0.0,0.0
train_00479,0.0,0.0,0.0
train_00480,0.0,0.0,0.0
train_00481,0.0,0.0,0.0
train_00482,0.0,0.0,0.0
train_00483,0.0,0.0,0.0
train_00484,0.0,0.0,0.0
train_00485,0.0,0.0,0.0
train_00486,0.0,0.0,0.0
train_00487,0.0,0.0,0.0
train_00488,0.0,0.0,0.0
train_00489,0.0,0.0,0.0
train_00490,0.0,0.0,0.0
train_00491,0.0,0.0,0.0
train_00492,0.0,0.0,0.0
train_00493,0.0,0.0,0.0
train_00494,0.0,0.0,0.0
train_00495,0.0,0.0,0.0
train_00496,0.0,0.0,0.0
train_00497,0.0,0.0,0.0
train_00498,0.0,0.0,0.0
train_00499,0.0,0.0,0.0
train_00500,0.0,0.0,0.0
train_00501,0.0,0.0,0.0
train_00502,0.0,0.0,0.0
train_00503,0.0,0.0,0.0
train_00504,0.0,0.0,0.0
train_00505,0.0,0.0,0.0
train_00506,0.0,0.0,0.0
train_00507,0.0,0.0,0.0
train_00508,0.0,0.0,0.0
train_00509,0.0,0.0,0.0
train_00510,0.0,0.0,0.0
train_00511,0.0,0.0,0.0
train_00512,0.0,0.0,0.0
train_00513,0.0,0.0,0.0
train_00514,0.0,0.0,0.0
train_00515,0.0,0.0,0.0
train_00516,0.0,0.0,0.0
train_00517,0.0,0.0,0.0
train_00518,0.0,0.0,0.0
train_00519,0.0,0.0,0.0
train_00520,0.0,0.0,0.0
train_00521,0.0,0.0,0.0
train_00522,0.0,0.0,0.0
train_00523,0.0,0.0,0.0
train_00524,0.0,0.0,0.0
train_00525,0.0,0.0,0.0
train_00526,0.0,0.0,0.0
train_00527,0.0,0.0,0.0
train_00528,0.0,0.0,0.0
train_00529,0.0,0.0,0.0
train_00530,0.0,0.0,0.0
train_00531,0.0,0.0,0.0
train_00532,0.0,0.0,0.0
train_00533,0.0,0.0,0.0
train_00534,0.0,0.0,0.0
train_00535,0.0,0.0,0.0
train_00536,0.0,0.0,0.0
train_00537,0.0,0.0,0.0
train_00538,0.0,0.0,0.0
train_00539,0.0,0.0,0.0
train_00540,0.0,0.0,0.0
train_00541,0.0,0.0,0.0
train_00542,0.0,0.0,0.0
train_00543,0.0,0.0,0.0
train_00544,0.0,0.0,0.0
train_00545,0.0,0.0,0.0
train_00546,0.0,0.0,0.0
train_00547,0.0,0.0,0.0
train_00548,0.0,0.0,0.0
train_00549,0.0,0.0,0.0
train_00550,0.0,0.0,0.0
train_00551,0.0,0.0,0.0
train_00552,0.0,0.0,0.0
train_00553,0.0,0.0,0.0
train_00554,0.0,0.0,0.0
train_00555,0.0,0.0,0.0
train_00556,0.0,0.0,0.0
train_00557,0.0,0.0,0.0
train_00558,0.0,0.0,0.0
train_00559,0.0,0.0,0.0
train_00560,0.0,0.0,0.0
train_00561,0.0,0.0,0.0
train_00562,0.0,0.0,0.0
train_00563,0.0,0.0,0.0
train_00564,0.0,0.0,0.0
train_00565,0.0,0.0,0.0
train_00566,0.0,0.0,0.0
train_00567,0.0,0.0,0.0
train_00568,0.0,0.0,0.0
train_00569,0.0,0.0,0.0
train_00570,0.0,0.0,0.0
train_00571,0.0,0.0,0.0
train_00572,0.0,0.0,0.0
train_00573,0.0,0.0,0.0
train_00574,0.0,0.0,0.0
train_00575,0.0,0.0,0.0
train_00576,0.0,0.0,0.0
train_00577,0.0,0.0,0.0
train_00578,0.0,0.0,0.0
train_00579,0.0,0.0,0.0
train_00580,0.0,0.0,0.0
train_00581,0.0,0.0,0.0
train_00582,0.0,0.0,0.0
train_00583,0.0,0.0,0.0
train_00584,0.0,0.0,0.0
train_00585,0.0,0.0,0.0
train_00586,0.0,0.0,0.0
train_00587,0.0,0.0,0.0
train_00588,0.0,0.0,0.0
train_00589,0.0,0.0,0.0
train_00590,0.0,0.0,0.0
train_00591,0.0,0.0,0.0
train_00592,0.0,0.0,0.0
train_00593,0.0,0.0,0.0
train_00594,0.0,0.0,0.0
train_00595,0.0,0.0,0.0
train_00596,0.0,0.0,0.0
train_00597,0.0,0.0,0.0
train_00598,0.0,0.0,0.0
train_00599,0.0,0.0,0.0
train_00600,0.0,0.0,0.0
train_00601,0.0,0.0,0.0
train_00602,0.0,0.0,0.0
train_00603,0.0,0.0,0.0
train_00604,0.0,0.0,0.0
train_00605,0.0,0.0,0.0
train_00606,0.0,0.0,0.0
train_00607,0.0,0.0,0.0
train_00608,0.0,0.0,0.0
train_00609,0.0,0.0,0.0
train_00610,0.0,0.0,0.0
train_00611,0.0,0.0,0.0
train_00612,0.0,0.0,0.0
train_00613,0.0,0.0,0.0
train_00614,0.0,0.0,0.0
train_00615,0.0,0.0,0.0
train_00616,0.0,0.0,0.0
train_00617,0.0,0.0,0.0
train_00618,0.0,0.0,0.0
train_00619,0.0,0.0,0.0
train_00620,0.0,0.0,0.0
train_00621,0.0,0.0,0.0
train_00622,0.0,0.0,0.0
train_00623,0.0,0.0,0.0
train_00624,0.0,0.0,0.0
train_00625,0.0,0.0,0.0
train_00626,0.0,0.0,0.0
train_00627,0.0,0.0,0.0
train_00628,0.0,0.0,0.0
train_00629,0.0,0.0,0.0
train_00630,0.0,0.0,0.0
train_00631,0.0,0.0,0.0
train_00632,0.0,0.0,0.0
train_00633,0.0,0.0,0.0
train_00634,0.0,0.0,0.0
train_00635,0.0,0.0,0.0
train_00636,0.0,0.0,0.0
train_00637,0.0,0.0,0.0
train_00638,0.0,0.0,0.0
train_00639,0.0,0.0,0.0
train_00640,0.0,0.0,0.0
train_00641,0.0,0.0,0.0
train_00642,0.0,0.0,0.0
train_00643,0.0,0.0,0.0
train_00644,0.0,0.0,0.0
train_00645,0.0,0.0,0.0
train_00646,0.0,0.0,0.0
train_00647,0.0,0.0,0.0
train_00648,0.0,0.0,0.0
train_00649,0.0,0.0,0.0
train_00650,0.0,0.0,0.0
train_00651,0.0,0.0,0.0
train_00652,0.0,0.0,0.0
train_00653,0.0,0.0,0.0
train_00654,0.0,0.0,0.0
train_00655,0.0,0.0,0.0
train_00656,0.0,0.0,0.0
train_00657,0.0,0.0,0.0
train_00658,0.0,0.0,0.0
train_00659,0.0,0.0,0.0
train_00660,0.0,0.0,0.0
train_00661,0.0,0.0,0.0
train_00662,0.0,0.0,0.0
train_00663,0.0,0.0,0.0
train_00664,0.0,0.0,0.0
train_00665,0.0,0.0,0.0
train_00666,0.0,0.0,0.0
train_00667,0.0,0.0,0.0
train_00668,0.0,0.0,0.0
train_00669,0.0,0.0,0.0
train_00670,0.0,0.0,0.0
train_00671,0.0,0.0,0.0
train_00672,0.0,0.0,0.0
train_00673,0.0,0.0,0.0
train_00674,0.0,0.0,0.0
train_00675,0.0,0.0,0.0
train_00676,0.0,0.0,0.0
train_00677,0.0,0.0,0.0
train_00678,0.0,0.0,0.0
train_00679,0.0,0.0,0.0
train_00680,0.0,0.0,0.0
train_00681,0.0,0.0,0.0
train_00682,0.0,0.0,0.0
train_00683,0.0,0.0,0.0
train_00684,0.0,0.0,0.0
train_00685,0.0,0.0,0.0
train_00686,0.0,0.0,0.0
train_00687,0.0,0.0,0.0
train_00688,0.0,0.0,0.0
train_00689,0.0,0.0,0.0
train_00690,0.0,0.0,0.0
train_00691,0.0,0.0,0.0
train_00692,0.0,0.0,0.0
train_00693,0.0,0.0,0.0
train_00694,0.0,0.0,0.0
train_00695,0.0,0.0,0.0
train_00696,0.0,0.0,0.0
train_00697,0.0,0.0,0.0
train_00698,0.0,0.0,0.0
train_00699,0.0,0.0,0.0
train_00700,0.0,0.0,0.0
train_00701,0.0,0.0,0.0
train_00702,0.0,0.0,0.0
train_00703,0.0,0.0,0.0
train_00704,0.0,0.0,0.0
train_00705,0.0,0.0,0.0
train_00706,0.0,0.0,0.0
train_00707,0.0,0.0,0.0
train_00708,0.0,0.0,0.0
train_00709,0.0,0.0,0.0
train_00710,0.0,0.0,0.0
train_00711,0.0,0.0,0.0
train_00712,0.0,0.0,0.0
train_00713,0.0,0.0,0.0
train_00714,0.0,0.0,0.0
train_00715,0.0,0.0,0.0
train_00716,0.0,0.0,0.0
train_00717,0.0,0.0,0.0
train_00718,0.0,0.0,0.0
train_00719,0.0,0.0,0.0
train_00720,0.0,0.0,0.0
train_00721,0.0,0.0,0.0
train_00722,0.0,0.0,0.0
train_00723,0.0,0.0,0.0
train_00724,0.0,0.0,0.0
train_00725,0.0,0.0,0.0
train_00726,0.0,0.0,0.0
train_00727,0.0,0.0,0.0
train_00728,0.0,0.0,0.0
train_00729,0.0,0.0,0.0
train_00730,0.0,0.0,0.0
train_00731,0.0,0.0,0.0
train_00732,0.0,0.0,0.0
train_00733,0.0,0.0,0.0
train_00734,0.0,0.0,0.0
train_00735,0.0,0.0,0.0
train_00736,0.0,0.0,0.0
train_00737,0.0,0.0,0.0
train_00738,0.0,0.0,0.0
train_00739,0.0,0.0,0.0
train_00740,0.0,0.0,0.0
train_00741,0.0,0.0,0.0
train_00742,0.0,0.0,0.0
train_00743,0.0,0.0,0.0
train_00744,0.0,0.0,0.0
train_00745,0.0,0.0,0.0
train_00746,0.0,0.0,0.0
train_00747,0.0,0.0,0.0
train_00748,0.0,0.0,0.0
train_00749,0.0,0.0,0.0
train_00750,0.0,0.0,0.0
train_00751,0.0,0.0,0.0
train_00752,0.0,0.0,0.0
train_00753,0.0,0.0,0.0
train_00754,0.0,0.0,0.0
train_00755,0.0,0.0,0.0
train_00756,0.0,0.0,0.0
train_00757,0.0,0.0,0.0
train_00758,0.0,0.0,0.0
train_00759,0.0,0.0,0.0
train_00760,0.0,0.0,0.0
train_00761,0.0,0.0,0.0
train_00762,0.0,0.0,0.0
train_00763,0.0,0.0,0.0
train_00764,0.0,0.0,0.0
train_00765,0.0,0.0,0.0
train_00766,0.0,0.0,0.0
train_00767,0.0,0.0,0.0
train_00768,0.0,0.0,0.0
train_00769,0.0,0.0,0.0
train_00770,0.0,0.0,0.0
train_00771,0.0,0.0,0.0
train_00772,0.0,0.0,0.0
train_00773,0.0,0.0,0.0
train_00774,0.0,0.0,0.0
train_00775,0.0,0.0,0.0
train_00776,0.0,0.0,0.0
train_00777,0.0,0.0,0.0
train_00778,0.0,0.0,0.0
train_00779,0.0,0.0,0.0
train_00780,0.0,0.0,0.0
train_00781,0.0,0.0,0.0
train_00782,0.0,0.0,0.0
train_00783,0.0,0.0,0.0
train_00784,0.0,0.0,0.0
train_00785,0.0,0.0,0.0
train_00786,0.0,0.0,0.0
train_00787,0.0,0.0,0.0
train_00788,0.0,0.0,0.0
train_00789,0.0,0.0,0.0
train_00790,0.0,0.0,0.0
train_00791,0.0,0.0,0.0
train_00792,0.0,0.0,0.0
train_00793,0.0,0.0,0.0
train_00794,0.0,0.0,0.0
train_00795,0.0,0.0,0.0
train_00796,0.0,0.0,0.0
train_00797,0.0,0.0,0.0
train_00798,0.0,0.0,0.0
train_00799,0.0,0.0,0.0
train_00800,0.0,0.0,0.0
train_00801,0.0,0.0,0.0
train_00802,0.0,0.0,0.0
train_00803,0.0,0.0,0.0
train_00804,0.0,0.0,0.0
train_00805,0.0,0.0,0.0
train_00806,0.0,0.0,0.0
train_00807,0.0,0.0,0.0
train_00808,0.0,0.0,0.0
train_00809,0.0,0.0,0.0
train_00810,0.0,0.0,0.0
train_00811,0.0,0.0,0.0
train_00812,0.0,0.0,0.0
train_00813,0.0,0.0,0.0
train_00814,0.0,0.0,0.0
train_00815,0.0,0.0,0.0
train_00816,0.0,0.0,0.0
train_00817,0.0,0.0,0.0
train_00818,0.0,0.0,0.0
train_00819,0.0,0.0,0.0
train_00820,0.0,0.0,0.0
train_00821,0.0,0.0,0.0
train_00822,0.0,0.0,0.0
train_00823,0.0,0.0,0.0
train_00824,0.0,0.0,0.0
train_00825,0.0,0.0,0.0
train_00826,0.0,0.0,0.0
train_00827,0.0,0.0,0.0
train_00828,0.0,0.0,0.0
train_00829,0.0,0.0,0.0
train_00830,0.0,0.0,0.0
train_00831,0.0,0.0,0.0
train_00832,0.0,0.0,0.0
train_00833,0.0,0.0,0.0
train_00834,0.0,0.0,0.0
train_00835,0.0,0.0,0.0
train_00836,0.0,0.0,0.0
train_00837,0.0,0.0,0.0
train_00838,0.0,0.0,0.0
train_00839,0.0,0.0,0.0
train_00840,0.0,0.0,0.0
train_00841,0.0,0.0,0.0
train_00842,0.0,0.0,0.0
train_00843,0.0,0.0,0.0
train_00844,0.0,0.0,0.0
train_00845,0.0,0.0,0.0
train_00846,0.0,0.0,0.0
train_00847,0.0,0.0,0.0
train_00848,0.0,0.0,0.0
train_00849,0.0,0.0,0.0
train_00850,0.0,0.0,0.0
train_00851,0.0,0.0,0.0
train_00852,0.0,0.0,0.0
train_00853,0.0,0.0,0.0
train_00854,0.0,0.0,0.0
train_00855,0.0,0.0,0.0
train_00856,0.0,0.0,0.0
train_00857,0.0,0.0,0.0
train_00858,0.0,0.0,0.0
train_00859,0.0,0.0,0.0
train_00860,0.0,0.0,0.0
train_00861,0.0,0.0,0.0
train_00862,0.0,0.0,0.0
train_00863,0.0,0.0,0.0
train_00864,0.0,0.0,0.0
train_00865,0.0,0.0,0.0
train_00866,0.0,0.0,0.0
train_00867,0.0,0.0,0.0
train_00868,0.0,0.0,0.0
train_00869,0.0,0.0,0.0
train_00870,0.0,0.0,0.0
train_00871,0.0,0.0,0.0
train_00872,0.0,0.0,0.0
train_00873,0.0,0.0,0.0
train_00874,0.0,0.0,0.0
train_00875,0.0,0.0,0.0
train_00876,0.0,0.0,0.0
train_00877,0.0,0.0,0.0
train_00878,0.0,0.0,0.0
train_00879,0.0,0.0,0.0
train_00880,0.0,0.0,0.0
train_00881,0.0,0.0,0.0
train_00882,0.0,0.0,0.0
train_00883,0.0,0.0,0.0
train_00884,0.0,0.0,0.0
train_00885,0.0,0.0,0.0
train_00886,0.0,0.0,0.0
train_00887,0.0,0.0,0.0
train_00888,0.0,0.0,0.0
train_00889,0.0,0.0,0.0
train_00890,0.0,0.0,0.0
train_00891,0.0,0.0,0.0
train_00892,0.0,0.0,0.0
train_00893,0.0,0.0,0.0
train_00894,0.0,0.0,0.0
train_00895,0.0,0.0,0.0
train_00896,0.0,0.0,0.0
train_00897,0.0,0.0,0.0
train_00898,0.0,0.0,0.0
train_00899,0.0,0.0,0.0
train_00900,0.0,0.0,0.0
train_00901,0.0,0.0,0.0
train_00902,0.0,0.0,0.0
train_00903,0.0,0.0,0.0
train_00904,0.0,0.0,0.0
train_00905,0.0,0.0,0.0
train_00906,0.0,0.0,0.0
train_00907,0.0,0.0,0.0
train_00908,0.0,0.0,0.0
train_00909,0.0,0.0,0.0
train_00910,0.0,0.0,0.0
train_00911,0.0,0.0,0.0
train_00912,0.0,0.0,0.0
train_00913,0.0,0.0,0.0
train_00914,0.0,0.0,0.0
train_00915,0.0,0.0,0.0
train_00916,0.0,0.0,0.0
train_00917,0.0,0.0,0.0
train_00918,0.0,0.0,0.0
train_00919,0.0,0.0,0.0
train_00920,0.0,0.0,0.0
train_00921,0.0,0.0,0.0
train_00922,0.0,0.0,0.0
train_00923,0.0,0.0,0.0
train_00924,0.0,0.0,0.0
train_00925,0.0,0.0,0.0
train_00926,0.0,0.0,0.0
train_00927,0.0,0.0,0.0
train_00928,0.0,0.0,0.0
train_00929,0.0,0.0,0.0
train_00930,0.0,0.0,0.0
train_00931,0.0,0.0,0.0
train_00932,0.0,0.0,0.0
train_00933,0.0,0.0,0.0
train_00934,0.0,0.0,0.0
train_00935,0.0,0.0,0.0
train_00936,0.0,0.0,0.0
train_00937,0.0,0.0,0.0
train_00938,0.0,0.0,0.0
train_00939,0.0,0.0,0.0
train_00940,0.0,0.0,0.0
train_00941,0.0,0.0,0.0
train_00942,0.0,0.0,0.0
train_00943,0.0,0.0,0.0
train_00944,0.0,0.0,0.0
train_00945,0.0,0.0,0.0
train_00946,0.0,0.0,0.0
train_00947,0.0,0.0,0.0
train_00948,0.0,0.0,0.0
train_00949,0.0,0.0,0.0
train_00950,0.0,0.0,0.0
train_00951,0.0,0.0,0.0
train_00952,0.0,0.0,0.0
train_00953,0.0,0.0,0.0
train_00954,0.0,0.0,0.0
train_00955,0.0,0.0,0.0
train_00956,0.0,0.0,0.0
train_00957,0.0,0.0,0.0
train_00958,0.0,0.0,0.0
train_00959,0.0,0.0,0.0
train_00960,0.0,0.0,0.0
train_00961,0.0,0.0,0.0
train_00962,0.0,0.0,0.0
train_00963,0.0,0.0,0.0
train_00964,0.0,0.0,0.0
train_00965,0.0,0.0,0.0
train_00966,0.0,0.0,0.0
train_00967,0.0,0.0,0.0
train_00968,0.0,0.0,0.0
train_00969,0.0,0.0,0.0
train_00970,0.0,0.0,0.0
train_00971,0.0,0.0,0.0
train_00972,0.0,0.0,0.0
train_00973,0.0,0.0,0.0
train_00974,0.0,0.0,0.0
train_00975,0.0,0.0,0.0
train_00976,0.0,0.0,0.0
train_00977,0.0,0.0,0.0
train_00978,0.0,0.0,0.0
train_00979,0.0,0.0,0.0
train_00980,0.0,0.0,0.0
train_00981,0.0,0.0,0.0
train_00982,0.0,0.0,0.0
train_00983,0.0,0.0,0.0
train_00984,0.0,0.0,0.0
train_00985,0.0,0.0,0.0
train_00986,0.0,0.0,0.0
train_00987,0.0,0.0,0.0
train_00988,0.0,0.0,0.0
train_00989,0.0,0.0,0.0
train_00990,0.0,0.0,0.0
train_00991,0.0,0.0,0.0
train_00992,0.0,0.0,0.0
train_00993,0.0,0.0,0.0
train_00994,0.0,0.0,0.0
train_00995,0.0,0.0,0.0
train_00996,0.0,0.0,0.0
train_00997,0.0,0.0,0.0
train_00998,0.0,0.0,0.0
train_00999,0.0,0.0,0.0
train_01000,0.0,0.0,0.0
train_01001,0.0,0.0,0.0
train_01002,0.0,0.0,0.0
train_01003,0.0,0.0,0.0
train_01004,0.0,0.0,0.0
train_01005,0.0,0.0,0.0
train_01006,0.0,0.0,0.0
train_01007,0.0,0.0,0.0
train_01008,0.0,0.0,0.0
train_01009,0.0,0.0,0.0
train_01010,0.0,0.0,0.0
train_01011,0.0,0.0,0.0
train_01012,0.0,0.0,0.0
train_01013,0.0,0.0,0.0
train_01014,0.0,0.0,0.0
train_01015,0.0,0.0,0.0
train_01016,0.0,0.0,0.0
train_01017,0.0,0.0,0.0
train_01018,0.0,0.0,0.0
train_01019,0.0,0.0,0.0
train_01020,0.0,0.0,0.0
train_01021,0.0,0.0,0.0
train_01022,0.0,0.0,0.0
train_01023,0.0,0.0,0.0
train_01024,0.0,0.0,0.0
train_01025,0.0,0.0,0.0
train_01026,0.0,0.0,0.0
train_01027,0.0,0.0,0.0
train_01028,0.0,0.0,0.0
train_01029,0.0,0.0,0.0
train_01030,0.0,0.0,0.0
train_01031,0.0,0.0,0.0
train_01032,0.0,0.0,0.0
train_01033,0.0,0.0,0.0
train_01034,0.0,0.0,0.0
train_01035,0.0,0.0,0.0
train_01036,0.0,0.0,0.0
train_01037,0.0,0.0,0.0
train_01038,0.0,0.0,0.0
train_01039,0.0,0.0,0.0
train_01040,0.0,0.0,0.0
train_01041,0.0,0.0,0.0
train_01042,0.0,0.0,0.0
train_01043,0.0,0.0,0.0
train_01044,0.0,0.0,0.0
train_01045,0.0,0.0,0.0
train_01046,0.0,0.0,0.0
train_01047,0.0,0.0,0.0
train_01048,0.0,0.0,0.0
train_01049,0.0,0.0,0.0
train_01050,0.0,0.0,0.0
train_01051,0.0,0.0,0.0
train_01052,0.0,0.0,0.0
train_01053,0.0,0.0,0.0
train_01054,0.0,0.0,0.0
train_01055,0.0,0.0,0.0
train_01056,0.0,0.0,0.0
train_01057,0.0,0.0,0.0
train_01058,0.0,0.0,0.0
train_01059,0.0,0.0,0.0
train_01060,0.0,0.0,0.0
train_01061,0.0,0.0,0.0
train_01062,0.0,0.0,0.0
train_01063,0.0,0.0,0.0
train_01064,0.0,0.0,0.0
train_01065,0.0,0.0,0.0
train_01066,0.0,0.0,0.0
train_01067,0.0,0.0,0.0
train_01068,0.0,0.0,0.0
train_01069,0.0,0.0,0.0
train_01070,0.0,0.0,0.0
train_01071,0.0,0.0,0.0
train_01072,0.0,0.0,0.0
train_01073,0.0,0.0,0.0
train_01074,0.0,0.0,0.0
train_01075,0.0,0.0,0.0
train_01076,0.0,0.0,0.0
train_01077,0.0,0.0,0.0
train_01078,0.0,0.0,0.0
train_01079,0.0,0.0,0.0
train_01080,0.0,0.0,0.0
train_01081,0.0,0.0,0.0
train_01082,0.0,0.0,0.0
train_01083,0.0,0.0,0.0
train_01084,0.0,0.0,0.0
train_01085,0.0,0.0,0.0
train_01086,0.0,0.0,0.0
train_01087,0.0,0.0,0.0
train_01088,0.0,0.0,0.0
train_01089,0.0,0.0,0.0
train_01090,0.0,0.0,0.0
train_01091,0.0,0.0,0.0
train_01092,0.0,0.0,0.0
train_01093,0.0,0.0,0.0
train_01094,0.0,0.0,0.0
train_01095,0.0,0.0,0.0
train_01096,0.0,0.0,0.0
train_01097,0.0,0.0,0.0
train_01098,0.0,0.0,0.0
train_01099,0.0,0.0,0.0
train_01100,0.0,0.0,0.0
train_01101,0.0,0.0,0.0
train_01102,0.0,0.0,0.0
train_01103,0.0,0.0,0.0
train_01104,0.0,0.0,0.0
train_01105,0.0,0.0,0.0
train_01106,0.0,0.0,0.0
train_01107,0.0,0.0,0.0
train_01108,0.0,0.0,0.0
train_01109,0.0,0.0,0.0
train_01110,0.0,0.0,0.0
train_01111,0.0,0.0,0.0
train_01112,0.0,0.0,0.0
train_01113,0.0,0.0,0.0
train_01114,0.0,0.0,0.0
train_01115,0.0,0.0,0.0
train_01116,0.0,0.0,0.0
train_01117,0.0,0.0,0.0
train_01118,0.0,0.0,0.0
train_01119,0.0,0.0,0.0
train_01120,0.0,0.0,0.0
train_01121,0.0,0.0,0.0
train_01122,0.0,0.0,0.0
train_01123,0.0,0.0,0.0
train_01124,0.0,0.0,0.0
train_01125,0.0,0.0,0.0
train_01126,0.0,0.0,0.0
train_01127,0.0,0.0,0.0
train_01128,0.0,0.0,0.0
train_01129,0.0,0.0,0.0
train_01130,0.0,0.0,0.0
train_01131,0.0,0.0,0.0
train_01132,0.0,0.0,0.0
train_01133,0.0,0.0,0.0
train_01134,0.0,0.0,0.0
train_01135,0.0,0.0,0.0
train_01136,0.0,0.0,0.0
train_01137,0.0,0.0,0.0
train_01138,0.0,0.0,0.0
train_01139,0.0,0.0,0.0
train_01140,0.0,0.0,0.0
train_01141,0.0,0.0,0.0
train_01142,0.0,0.0,0.0
train_01143,0.0,0.0,0.0
train_01144,0.0,0.0,0.0
train_01145,0.0,0.0,0.0
train_01146,0.0,0.0,0.0
train_01147,0.0,0.0,0.0
train_01148,0.0,0.0,0.0
train_01149,0.0,0.0,0.0
train_01150,0.0,0.0,0.0
train_01151,0.0,0.0,0.0
train_01152,0.0,0.0,0.0
train_01153,0.0,0.0,0.0
train_01154,0.0,0.0,0.0
train_01155,0.0,0.0,0.0
train_01156,0.0,0.0,0.0
train_01157,0.0,0.0,0.0
train_01158,0.0,0.0,0.0
train_01159,0.0,0.0,0.0
train_01160,0.0,0.0,0.0
train_01161,0.0,0.0,0.0
train_01162,0.0,0.0,0.0
train_01163,0.0,0.0,0.0
train_01164,0.0,0.0,0.0
train_01165,0.0,0.0,0.0
train_01166,0.0,0.0,0.0
train_01167,0.0,0.0,0.0
train_01168,0.0,0.0,0.0
train_01169,0.0,0.0,0.0
train_01170,0.0,0.0,0.0
train_01171,0.0,0.0,0.0
train_01172,0.0,0.0,0.0
train_01173,0.0,0.0,0.0
train_01174,0.0,0.0,0.0
train_01175,0.0,0.0,0.0
train_01176,0.0,0.0,0.0
train_01177,0.0,0.0,0.0
train_01178,0.0,0.0,0.0
train_01179,0.0,0.0,0.0
train_01180,0.0,0.0,0.0
train_01181,0.0,0.0,0.0
train_01182,0.0,0.0,0.0
train_01183,0.0,0.0,0.0
train_01184,0.0,0.0,0.0
train_01185,0.0,0.0,0.0
train_01186,0.0,0.0,0.0
train_01187,0.0,0.0,0.0
train_01188,0.0,0.0,0.0
train_01189,0.0,0.0,0.0
train_01190,0.0,0.0,0.0
train_01191,0.0,0.0,0.0
train_01192,0.0,0.0,0.0
train_01193,0.0,0.0,0.0
train_01194,0.0,0.0,0.0
train_01195,0.0,0.0,0.0
train_01196,0.0,0.0,0.0
train_01197,0.0,0.0,0.0
train_01198,0.0,0.0,0.0
train_01199,0.0,0.0,0.0
train_01200,0.0,0.0,0.0
train_01201,0.0,0.0,0.0
train_01202,0.0,0.0,0.0
train_01203,0.0,0.0,0.0
train_01204,0.0,0.0,0.0
train_01205,0.0,0.0,0.0
train_01206,0.0,0.0,0.0
train_01207,0.0,0.0,0.0
train_01208,0.0,0.0,0.0
train_01209,0.0,0.0,0.0
train_01210,0.0,0.0,0.0
train_01211,0.0,0.0,0.0
train_01212,0.0,0.0,0.0
train_01213,0.0,0.0,0.0
train_01214,0.0,0.0,0.0
train_01215,0.0,0.0,0.0
train_01216,0.0,0.0,0.0
train_01217,0.0,0.0,0.0
train_01218,0.0,0.0,0.0
train_01219,0.0,0.0,0.0
train_01220,0.0,0.0,0.0
train_01221,0.0,0.0,0.0
train_01222,0.0,0.0,0.0
train_01223,0.0,0.0,0.0
train_01224,0.0,0.0,0.0
train_01225,0.0,0.0,0.0
train_01226,0.0,0.0,0.0
train_01227,0.0,0.0,0.0
train_01228,0.0,0.0,0.0
train_01229,0.0,0.0,0.0
train_01230,0.0,0.0,0.0
train_01231,0.0,0.0,0.0
train_01232,0.0,0.0,0.0
train_01233,0.0,0.0,0.0
train_01234,0.0,0.0,0.0
train_01235,0.0,0.0,0.0
train_01236,0.0,0.0,0.0
train_01237,0.0,0.0,0.0
train_01238,0.0,0.0,0.0
train_01239,0.0,0.0,0.0
train_01240,0.0,0.0,0.0
train_01241,0.0,0.0,0.0
train_01242,0.0,0.0,0.0
train_01243,0.0,0.0,0.0
train_01244,0.0,0.0,0.0
train_01245,0.0,0.0,0.0
train_01246,0.0,0.0,0.0
train_01247,0.0,0.0,0.0
train_01248,0.0,0.0,0.0
train_01249,0.0,0.0,0.0
train_01250,0.0,0.0,0.0
train_01251,0.0,0.0,0.0
train_01252,0.0,0.0,0.0
train_01253,0.0,0.0,0.0
train_01254,0.0,0.0,0.0
train_01255,0.0,0.0,0.0
train_01256,0.0,0.0,0.0
train_01257,0.0,0.0,0.0
train_01258,0.0,0.0,0.0
train_01259,0.0,0.0,0.0
train_01260,0.0,0.0,0.0
train_01261,0.0,0.0,0.0
train_01262,0.0,0.0,0.0
train_01263,0.0,0.0,0.0
train_01264,0.0,0.0,0.0
train_01265,0.0,0.0,0.0
train_01266,0.0,0.0,0.0
train_01267,0.0,0.0,0.0
train_01268,0.0,0.0,0.0
train_01269,0.0,0.0,0.0
train_01270,0.0,0.0,0.0
train_01271,0.0,0.0,0.0
train_01272,0.0,0.0,0.0
train_01273,0.0,0.0,0.0
train_01274,0.0,0.0,0.0
train_01275,0.0,0.0,0.0
train_01276,0.0,0.0,0.0
train_01277,0.0,0.0,0.0
train_01278,0.0,0.0,0.0
train_01279,0.0,0.0,0.0
train_01280,0.0,0.0,0.0
train_01281,0.0,0.0,0.0
train_01282,0.0,0.0,0.0
train_01283,0.0,0.0,0.0
train_01284,0.0,0.0,0.0
train_01285,0.0,0.0,0.0
train_01286,0.0,0.0,0.0
train_01287,0.0,0.0,0.0
train_01288,0.0,0.0,0.0
train_01289,0.0,0.0,0.0
train_01290,0.0,0.0,0.0
train_01291,0.0,0.0,0.0
train_01292,0.0,0.0,0.0
train_01293,0.0,0.0,0.0
train_01294,0.0,0.0,0.0
train_01295,0.0,0.0,0.0
train_01296,0.0,0.0,0.0
train_01297,0.0,0.0,0.0
train_01298,0.0,0.0,0.0
train_01299,0.0,0.0,0.0
train_01300,0.0,0.0,0.0
train_01301,0.0,0.0,0.0
train_01302,0.0,0.0,0.0
train_01303,0.0,0.0,0.0
train_01304,0.0,0.0,0.0
train_01305,0.0,0.0,0.0
train_01306,0.0,0.0,0.0
train_01307,0.0,0.0,0.0
train_01308,0.0,0.0,0.0
train_01309,0.0,0.0,0.0
train_01310,0.0,0.0,0.0
train_01311,0.0,0.0,0.0
train_01312,0.0,0.0,0.0
train_01313,0.0,0.0,0.0
train_01314,0.0,0.0,0.0
train_01315,0.0,0.0,0.0
train_01316,0.0,0.0,0.0
train_01317,0.0,0.0,0.0
train_01318,0.0,0.0,0.0
train_01319,0.0,0.0,0.0
train_01320,0.0,0.0,0.0
train_01321,0.0,0.0,0.0
train_01322,0.0,0.0,0.0
train_01323,0.0,0.0,0.0
train_01324,0.0,0.0,0.0
train_01325,0.0,0.0,0.0
train_01326,0.0,0.0,0.0
train_01327,0.0,0.0,0.0
train_01328,0.0,0.0,0.0
train_01329,0.0,0.0,0.0
train_01330,0.0,0.0,0.0
train_01331,0.0,0.0,0.0
train_01332,0.0,0.0,0.0
train_01333,0.0,0.0,0.0
train_01334,0.0,0.0,0.0
train_01335,0.0,0.0,0.0
train_01336,0.0,0.0,0.0
train_01337,0.0,0.0,0.0
train_01338,0.0,0.0,0.0
train_01339,0.0,0.0,0.0
train_01340,0.0,0.0,0.0
train_01341,0.0,0.0,0.0
train_01342,0.0,0.0,0.0
train_01343,0.0,0.0,0.0
train_01344,0.0,0.0,0.0
train_01345,0.0,0.0,0.0
train_01346,0.0,0.0,0.0
train_01347,0.0,0.0,0.0
train_01348,0.0,0.0,0.0
train_01349,0.0,0.0,0.0
train_01350,0.0,0.0,0.0
train_01351,0.0,0.0,0.0
train_01352,0.0,0.0,0.0
train_01353,0.0,0.0,0.0
train_01354,0.0,0.0,0.0
train_01355,0.0,0.0,0.0
train_01356,0.0,0.0,0.0
train_01357,0.0,0.0,0.0
train_01358,0.0,0.0,0.0
train_01359,0.0,0.0,0.0
train_01360,0.0,0.0,0.0
train_01361,0.0,0.0,0.0
train_01362,0.0,0.0,0.0
train_01363,0.0,0.0,0.0
train_01364,0.0,0.0,0.0
train_01365,0.0,0.0,0.0
